,pH,CEC,TC,TN,TP,TK,SOC,POC,MAOC,ROOC,MBC,DOC,NO3N,NH4N,DON,AP,AK,CN.ratio,NP.ratio
Y1,5.7,23.20196497,13.39,1.414,0.474059689,22.32215863,13.16470767,7.219990146,33.05097489,14.81179048,176.2924967,35.70991395,14.0893,0.8323,8.576,53.00802,211,9.469589816,2.982746757
Y2,5.28,23.58475655,11.74,1.434,0.638414634,23.02439024,11.92143615,4.670815391,38.58343519,5.89380531,85.10431486,27.10335468,41.4607,61.4153,14.443,72.42066,252,8.186889819,2.246189112
Y3,5.28,23.88376829,11.49,1.292,0.730816227,22.18963832,11.21710304,4.286154314,30.50330452,6.66043675,47.50712281,36.28006168,22.6563,1.7432,6.63,35.8353,183,8.893188854,1.767886306
Y4,5.09,23.31557181,10.98,1.2225,0.474497608,22.48803828,11.72282842,1.389013603,28.61847347,5.61495735,241.3927357,34.38651396,13.7973,3.4963,8.173,40.68846,171,8.981595092,2.576409194
Y5,5.3,23.10540017,10.97,1.364,0.656367041,22.75280899,16.19327254,4.925710285,27.91966501,7.983251232,292.7020663,30.17742038,18.1015,88.9347,16.412,53.568,207,8.042521994,2.078105564
Y6,7.89,21.60782442,19.11,1.677,0.851813725,23.43137255,15.07667223,16.7296811,34.1159864,16.24875523,301.7617604,27.44243336,14.9152,0.9644,9.06,32.4104,204,11.39534884,1.96874029
Y7,8.01,20.94044912,18.97,1.667,0.952574257,23.06930693,14.12265717,5.129514038,37.22879118,7.987973186,293.0200301,28.44043212,12.6747,0.8832,9.86,32.86586,192,11.37972406,1.749994804
Y8,8.24,20.6611687,17.58,1.536,0.688299419,23.15891473,13.27853701,4.845890497,30.97744915,7.426210153,155.0895212,23.61667515,8.4506,0.8733,6.184,20.2648,185,11.4453125,2.231586948
Y9,8.22,22.67345774,19.25,1.718,1.007482993,23.1292517,14.41505247,9.130759484,30.68321678,12.25068979,625.0542235,29.13988836,10.7632,0.7833,7.398,47.44058,258,11.20488941,1.705239703
Y10,8.07,22.51529811,22.08,1.997,1.915319458,22.74927396,19.13383678,2.351615634,37.43285957,4.147492625,363.3068558,36.93021094,13.2487,0.5434,11.329,130.63794,241,11.05658488,1.04264591
Y11,5.8,15.13631863,9.26,1.053,0.536520947,23.7704918,8.446595891,9.080163394,30.81149853,12.55903188,223.153723,102.0957556,15.7297,3.6854,5.574,82.12698,131,8.793922127,1.962644713
Y12,5.81,15.67936226,9.38,1.024,0.446102284,24.72691162,9.26451843,4.387405512,38.32639177,5.968930492,250.5101781,25.21172477,11.1187,1.9201,4.431,37.7019,102,9.16015625,2.295437698
Y13,5.92,18.2184187,10.57,1.127,0.449118511,23.31047992,9.862080095,5.42180273,41.01368228,9.171748967,295.4640293,16.02424105,14.6614,0.7755,7.213,19.78254,126,9.378881988,2.50935994
Y14,5.48,13.69323408,7.885,0.9595,0.443901258,22.07163601,7.565538318,6.331509728,35.09233717,5.898445188,124.7812158,24.84996432,27.2347,8.8713,8.666,39.5685,137,8.217821782,2.16151674
Y15,5.15,14.94918902,9.99,1.147,0.646082949,22.21198157,8.614138328,4.113475726,25.83297992,5.030541872,262.0941975,20.38653116,21.324,1.8136,9.978,92.39328,163,8.709677419,1.775313838
Y16,6.34,23.37985943,23.34,2.404,0.900416301,22.6993865,22.16234086,24.41047474,35.12605884,30.48129921,398.4834097,79.74470443,25.1135,0.9064,14.152,166.68396,800,9.708818636,2.669876142
Y17,5.1,21.51144755,19.9,2.142,0.745135846,23.22524102,18.2296771,13.94901442,36.66731095,15.23701363,151.167541,32.3246045,100.7081,31.7529,23.278,97.24644,284,9.29038282,2.874643612
Y18,5.08,19.8566574,11.505,1.27,0.729785156,20.3125,11.0006409,6.440094429,40.25152887,7.769124606,154.5710727,21.60338228,50.1854,1.5336,13.41,73.72728,168,9.059055118,1.740238191
Y19,4.62,19.49402408,12.23,1.395,1.627352399,27.21402214,11.42594929,5.98635635,33.34157992,11.83883073,298.0474003,33.75632726,71.296,2.2812,14.861,72.04734,177,8.76702509,0.8572206
Y20,4.69,21.86836993,13.34,1.816,1.000365141,24.87828627,12.88382256,6.467367613,31.79574699,10.0670347,120.0910415,35.99142165,132.1766,113.0936,16.135,142.88481,388,7.345814978,1.815337146
Y21,7.09,12.86744802,11.38,1.176,0.693933506,24.69775475,9.239648672,12.67512204,32.05804359,10.71769859,58.5285843,31.80907935,13.3632,1.104,6.598,135.95164,173,9.676870748,1.694686868
Y22,7.01,12.23895653,9.68,1.064,0.714180479,24.30939227,9.04423988,8.42846575,29.12946117,10.15109344,227.8766187,28.70558903,22.7025,0.9032,9.069,133.21888,201,9.097744361,1.489819494
Y23,6.73,17.21525648,13.27,1.461,1.125305677,23.930131,12.68829735,8.67886152,34.16370107,11.1154075,297.143722,38.32983569,21.2219,0.614,13.604,126.99426,279,9.082819986,1.298313898
Y24,6.58,15.01042264,12.035,1.364,1.024510284,25.36728697,10.10747357,7.675359835,28.05524102,10.83300473,251.9781002,39.01525558,44.3743,0.9073,9.824,224.83908,272,8.823313783,1.331367797
Y25,6.47,14.0451005,10.35,1.056,0.550357443,22.11942809,9.889239373,5.900792835,32.79543502,7.275074479,115.780209,27.77540257,9.4545,0.6873,3.965,34.902,141,9.801136364,1.918753009
Y26,5.1,21.53699306,12.26,1.339,0.514995697,22.97762478,11.82364563,30.92036378,28.52714958,29.65398265,193.595706,32.14754152,46.3198,24.4468,12.535,232.1982,372,9.156086632,2.600021724
Y27,5.67,22.34806988,11.64,1.194,0.474870912,23.40791738,11.1347099,21.29274712,40.09070009,27.69483101,183.3308313,26.71582306,14.4343,0.9646,6.229,53.75466,213,9.748743719,2.514367526
Y28,6.01,21.8315976,12.81,1.238,0.48727907,23.72093023,11.6969612,20.24945827,30.04007383,29.55166271,226.6956322,34.90972925,9.1828,0.6879,7.12,23.51574,203,10.34733441,2.540638571
Y29,5.69,18.74290648,10.57,1.157,0.484785523,23.5924933,10.57220832,19.69122608,29.58911053,27.0811932,191.4731279,30.46305537,12.8486,0.9646,7.36,28.92888,239,9.135695765,2.386622424
Y30,5.59,21.45066698,10.98,1.134,0.695349365,23.77495463,9.731693109,22.74315846,41.4288592,29.07246948,260.6816207,29.37723166,11.8716,0.6142,6.059,44.235,252,9.682539683,1.630834883
Y31,7.23,26.9069742,11.14,1.187,0.477110818,23.30694811,10.85136462,8.869210027,36.81656422,13.62232779,170.1082364,27.60513985,9.4517,0.587,6.461,28.00762,165,9.385004212,2.487891608
Y32,6.9,27.68864399,13.81,1.458,0.694718948,22.75611967,12.64860629,7.775882422,32.83726949,12.25068979,157.2670562,33.70613024,11.3256,0.7766,9.272,56.24614,171,9.471879287,2.098690419
Y33,6.92,28.21034807,13.33,1.415,0.649011572,23.33654773,12.67624259,7.454742155,38.06001441,11.78761062,239.0353592,54.55998535,11.0226,0.4899,8.487,70.06176,149,9.4204947,2.180238475
Y34,6.99,29.20514715,14.115,1.4865,0.604611014,22.55244755,14.03681322,7.27680621,28.49671088,12.00059512,148.7271791,35.31920503,6.5651,0.6364,5.771,68.39174,171,9.495459132,2.458605559
Y35,7.09,29.24866913,15.26,1.547,0.705090909,23,13.87410124,8.435727111,42.7996663,14.86017453,429.0282065,32.21379723,7.1397,0.6645,9.625,50.47698,163,9.864253394,2.194043322
Y36,5.38,20.08644005,10.79,1.192,0.471814159,23.98230088,11.72296133,18.11723302,50.67838078,23.89109304,195.8522324,24.64989089,19.8126,2.666,8.912,51.14142,205,9.052013423,2.526418458
Y37,5.64,21.55405713,11.38,1.195,0.718109541,23.93992933,9.977966346,9.251688738,35.66290603,10.19454869,183.9369317,60.62219113,12.4734,0.8654,8.821,43.86168,251,9.523012552,1.664091523
Y38,5.51,21.34499695,12.21,1.278,0.540955005,24.33425161,11.36923963,11.2434537,42.30301543,17.5861051,348.3710596,27.66691886,13.9607,1.4927,8.791,32.84874,228,9.55399061,2.36248854
Y39,5.01,22.54539351,12.09,1.474,0.6669163,24.75770925,11.33511688,13.32784195,33.70063885,22.07575455,160.6389122,21.75715381,65.017,72.2121,23.954,98.17974,336,8.202170963,2.210172401
Y40,5.55,21.6460388,10.56,1.161,0.510388919,24.39576783,9.312358539,10.4530225,38.34901644,12.80264196,331.3345141,42.65880661,13.5746,2.0576,7.783,20.15586,224.5,9.095607235,2.274735906
Y41,5.79,26.81438304,18.04,1.648,0.836501317,23.52941176,18.92235571,29.90506192,29.66548043,45.01181102,398.2113564,34.93848219,14.6987,0.7491,12.188,82.68696,288,10.94660194,1.970110467
Y42,5.53,26.75615932,17.06,1.572,0.543725775,24.80620155,16.6565078,22.07562394,40.5830824,33.21172962,269.8094451,28.79002506,19.0004,0.8717,10.85,78.7671,284,10.8524173,2.891163289
Y43,5.76,25.87571227,14.56,1.397,0.627202181,24.32885906,14.4501207,21.67570376,34.98144923,28.84983071,129.1177574,27.30825165,12.7763,0.8079,8.208,59.54112,228,10.42233357,2.227351949
Y44,5.63,26.2287653,15.05,1.4105,0.535633803,25.16431925,15.16333516,20.5286417,29.68640691,25.88082902,159.9898606,31.37766413,12.9934,0.5574,6.904,56.74122,241,10.66997519,2.63332895
Y45,5.46,26.15492243,16.05,1.567,0.580080935,23.65107914,15.05620977,29.34956383,33.80245347,26.26182965,386.8588617,25.17463746,28.7936,49.8971,21.343,79.51374,400,10.2425016,2.701347184
Y46,6.48,30.0134165,16.71,1.576,0.577630309,24.42084942,16.93583461,15.8443195,28.5497221,34.70127035,243.7125913,36.55744326,10.3441,1.1553,7.896,50.39478,251,10.60279188,2.728388686
Y47,6.49,30.92841389,15.95,1.523,0.57654185,23.25991189,15.545534,9.734344334,47.63459467,27.08915568,249.8057767,34.69718143,11.9376,0.8027,4.388,38.82186,242,10.47275115,2.641612226
Y48,5.89,29.80573118,15.29,1.4555,0.560084388,22.9535865,14.22591402,14.22865131,39.90482735,24.12568843,100.8563461,33.98602279,10.1329,1.4097,7.961,26.87562,199,10.50498111,2.598715535
Y49,5.76,29.00312373,15.91,1.579,0.434746127,22.63339071,15.99000885,12.69955079,30.68247866,30.83947421,253.1997455,40.14535323,11.9374,0.7348,5.271,45.91494,228,10.07599747,3.632004754
Y50,6.03,29.30952747,15.31,1.521,0.623236715,23.47826087,14.67546798,11.04520062,35.82054723,24.32665609,160.6558108,55.25098614,11.9278,1.2537,3.533,40.31514,239,10.06574622,2.440485234
Y51,5.85,23.06852232,15.43,1.435,0.77080689,24.66001813,14.88758161,20.21201803,32.43192916,30.77205882,293.2539061,30.85190689,21.1779,1.336,10.088,39.00852,257,10.75261324,1.861685486
Y52,5.79,23.69166617,14.69,1.362,0.552324066,23.97914857,13.64641308,1.487760126,28.92701644,1.977043341,148.9327441,29.95677791,12.9017,0.9967,6.909,38.44854,218,10.7856094,2.465943608
Y53,5.71,23.24409672,12.92,1.211,0.485069791,24.02791625,12.67604762,0.33796927,32.42959702,2.317558163,214.9187059,25.50568377,6.2048,1.1866,5.754,32.28876,219,10.6688687,2.496547966
Y54,5.63,22.76880766,13.33,1.216,0.499833015,24.42748092,12.4001097,12.59973687,32.46092166,19.86061684,234.5238291,31.20694554,7.1757,0.7328,6.263,29.86218,193,10.96217105,2.432812486
Y55,4.98,24.24376998,13.3,1.307,0.798147341,24.23714037,13.13634033,15.05174367,37.7595354,22.90827517,268.9702258,40.41862884,16.2068,1.927,6.386,125.80542,226,10.17597552,1.637542259
Y56,5.27,6.748228352,7.62,0.786,0.650480769,31.13553114,6.846981386,33.79650348,52.93594306,27.68408551,250.3906855,17.36734317,14.368,1.3568,1.921,65.32758,185,9.694656489,1.208337029
Y57,5.5,7.06647547,8.87,0.902,0.686723535,35.17060367,5.579123041,29.73629593,30.38383989,25.2023692,145.777625,19.44851467,11.8601,1.0662,2.352,50.02146,212,9.833702882,1.313483453
Y58,5.23,9.986171251,9.515,0.984,0.688054393,33.9748954,7.763711351,30.26278965,33.95749493,30.36273538,192.5888554,25.25010629,16.5925,1.0238,2.654,42.74172,218,9.669715447,1.430119493
Y59,5.1,9.416298256,8.17,0.893,0.718681319,33.98140321,6.468343393,26.29319499,33.75043049,23.85671642,165.4276033,20.74985412,15.048,1.2821,2.391,62.71434,157,9.14893617,1.242553516
Y60,5.4,11.90969129,8.32,0.886,0.671695053,29.16053374,6.635945842,24.85299764,44.57295374,24.44157905,87.87142308,26.32523817,15.3088,0.9629,2.409,60.28776,164,9.390519187,1.319050953
Y61,4.95,27.17879872,15.94,1.648,0.662661142,24.1252302,16.84631773,27.28399922,46.34858397,30.06572396,193.899665,31.2746939,64.6242,21.5016,14.931,109.37934,440,9.672330097,2.486942263
Y62,5.15,26.64669356,16.53,1.556,0.58043162,24.73326867,14.94193818,19.56387026,55.65499379,38.09257781,228.3399603,28.29740425,28.0018,1.2148,15.156,88.28676,292,10.62339332,2.68076367
Y63,5.36,28.34320201,14.85,1.4,0.748904939,24.04473439,14.12450691,25.85362899,44.18571164,31.68609245,439.5176978,32.83535638,21.3604,1.0119,10.397,94.6332,271,10.60714286,1.869396137
Y64,5.47,28.94540473,16.91,1.577,0.683662175,24.63907603,15.85989571,23.62551868,34.33426688,42.51530109,31.51465524,32.29983144,24.7349,1.2105,14.279,103.77954,1088,10.72289157,2.306694823
Y65,4.87,27.06643898,14.87,1.515,0.750708885,24.29111531,14.48204658,19.17649952,44.48398577,26.31936246,238.009787,26.14144562,60.6226,34.0908,19.435,137.37834,408,9.815181518,2.018092539
Y66,7.42,28.44355239,24.22,2.227,0.91954191,24.6588694,21.7086354,24.90072049,50.3416637,58.13132315,694.8674096,33.64339521,38.3762,1.0246,19.926,155.3846,81,10.87561742,2.421858075
Y67,6.77,28.59563218,18.35,1.674,0.77928506,24.10632447,2.805628848,29.2040361,59.19832932,42.43152709,395.8279129,39.51021016,13.9584,0.7648,5.705,115.1523,228,10.96176822,2.148122793
Y68,7.02,29.97427971,20.9,1.8925,1.277737048,24.53567937,18.31995359,31.64176719,46.6291948,47.53037244,198.722231,40.09787532,14.396,0.673,7.348,236.98468,253,11.04359313,1.481134168
Y69,6.18,29.53471982,19.32,1.72,0.685894495,24.12844037,16.78933481,26.36025412,45.83751559,34.61924439,314.1797895,33.04832811,14.9848,0.859,7.188,91.45998,238,11.23255814,2.507674303
Y70,6.2,25.66957784,17.95,1.594,0.592926829,25.17073171,17.35944315,38.13769907,49.70161511,38.10447761,217.2907536,33.97071924,17.541,0.6267,5.975,53.75466,251,11.26097867,2.688358701
Y71,6.47,30.48641949,20.55,1.777,0.846886447,24.35897436,18.94108967,9.932899326,44.97330961,35.52087436,406.9965742,33.05648118,27.1863,0.7537,10.638,90.52668,298,11.56443444,2.098274221
Y72,6.27,29.83707794,20.37,1.724,0.711559633,24.12844037,17.37371835,19.53707554,52.11693884,22.23096851,240.4566891,21.94865595,9.584,0.5776,7.292,62.52768,1140,11.81554524,2.422846828
Y73,6.04,26.75894109,18.47,1.61,0.67194211,25.67693744,18.58149518,12.29509056,49.49584816,23.80933466,192.3864125,27.46682042,24.7392,0.6684,10.83,83.06028,364,11.47204969,2.396039742
Y74,6.45,27.36098397,19.075,1.6425,0.724594229,24.97745717,17.55072332,13.32269071,38.16302322,26.12150453,445.1126528,37.69567233,16.1253,1.2702,9.469,73.1673,440,11.61339422,2.266785926
Y75,6.24,31.14687982,20.26,1.742,0.680013993,25,18.05210744,11.07702071,52.15401958,22.63064133,239.0703855,38.32883145,15.0629,1.3249,10.802,79.51374,105,11.63030999,2.561711991
Y76,5.89,18.95443206,15.67,1.578,0.7046875,25.89285714,17.25225502,20.16986749,43.72611045,25.19257221,278.011504,30.78460494,16.3617,1.2132,2.74,46.47492,161,9.930291508,2.239290466
Y77,5.8,18.87775975,16.41,1.655,0.532625483,12.83783784,15.02326025,14.19684753,37.73371745,21.16385303,317.0269088,74.53724203,13.9464,2.9126,5.592,83.24694,211,9.915407855,3.107249001
Y78,5.29,21.05550412,15.025,1.563,0.672744722,26.19961612,13.73020336,14.83213924,34.93742253,16.26573564,178.1775689,58.86747095,19.7029,1.5426,8.336,92.7666,138,9.612923864,2.323318116
Y79,5.11,20.0432955,16.79,1.754,0.619087039,26.39545885,15.65017165,11.44313525,44.45004703,14.1408256,445.7566578,54.65232871,42.2381,4.1755,12.59,112.3659,191,9.572405929,2.833204202
Y80,5.34,20.60531187,17.65,1.898,0.711243439,26.54425721,15.45168991,12.75822146,35.91947863,15.62140733,214.5345879,33.68901639,72.6166,9.8128,19.272,70.74072,196,9.299262381,2.668565917
Y81,7.15,24.99039124,16.47,1.634,0.705593923,24.21731123,18.52751843,15.97454016,47.55742478,26.01390268,443.7964443,41.01134787,6.7704,1.4903,3.954,80.9928,259,10.07955936,2.315779582
Y82,6.82,34.44974809,16.12,1.57,0.701139601,23.07692308,16.21183566,17.84268289,53.71337347,29.81631444,200.3488243,27.07268616,54.6173,1.6029,12.603,120.92146,242,10.26751592,2.239211703
Y83,7.26,31.32361546,17.51,1.623,0.648144531,24.31640625,16.99718123,7.570370457,43.45859219,20.18382353,421.0048409,32.58503741,8.434,1.2244,4.456,31.19584,196,10.78866297,2.504071117
Y84,7.06,31.7404739,17.94,1.683,0.53604249,23.51778656,17.18404412,19.98318929,47.50014585,23.68029371,213.6455306,31.17895204,10.438,1.2612,6.833,43.64508,208,10.65953654,3.139676483
Y85,7.25,32.84143272,17.32,1.609,0.68590998,22.60273973,18.52079277,21.9167795,45.29788834,23.65213082,72.10632582,37.91125808,5.3383,1.2463,4.091,53.05792,744,10.76444997,2.345788875
Y86,6.3,30.01556375,24.08,1.995,1.079980564,24.78134111,22.91420253,24.10768269,39.91954201,31.50655022,592.3059892,40.54252282,12.7616,1.023,9.135,143.35146,113,12.07017544,1.847255466
Y87,5.8,29.72848097,22.19,1.809,0.5925,24.95049505,20.33044352,17.99582967,37.72241993,31.65775401,216.9050595,42.55188109,13.1476,1.4698,5.075,58.79448,288,12.26644555,3.053164557
Y88,5.76,29.52786675,21.7,1.8345,1.112835154,24.72691162,20.27472341,22.72821348,29.23496764,39.87892021,189.9392452,42.19663608,15.7298,1.1448,6.08,78.58044,252,11.8288362,1.648492136
Y89,5.53,28.20624212,21.49,1.793,0.708200399,24.22731805,20.61554585,30.94124313,39.62942906,41.99229554,359.4923942,34.58358856,53.6885,7.0271,21.137,97.99308,289,11.98549916,2.53176926
Y90,6.08,28.83961026,21.88,1.824,1.238511036,24.60035524,20.47942514,32.835443,53.24815985,51.32756563,392.1484141,69.21767921,13.2435,1.1291,7.728,124.87212,297,11.99561404,1.47273617
Y91,5.56,16.81088022,19.47,1.875,0.639402697,26.20423892,20.13404213,36.81577338,31.88601649,42.89432177,300.800493,40.8606571,21.8495,1.0426,9.908,28.3689,166,10.384,2.93242429
Y92,5.52,32.91457303,23.825,2.2785,1.091908326,22.45088868,21.26889319,30.18696557,26.61851183,53.3843571,362.468325,47.12710101,21.0896,1.3257,12.909,86.79348,233,10.45644064,2.086713642
Y93,5.53,26.06762365,21.27,2.036,0.772042254,24.88262911,18.59429695,35.66249906,48.33802104,44.92024419,342.8338367,41.488314,21.0649,1.2943,14.718,77.8338,186,10.44695481,2.637161359
Y94,5.4,30.7558029,22.73833333,2.149666667,0.868620178,23.54104847,21.20464593,21.72182979,42.19875493,32.25848046,406.7781259,42.76696318,28.5141,2.0346,11.913,59.54112,161,10.57760893,2.474806275
Y95,5.04,21.2418076,21.37,2.179,0.87495122,25.95121951,18.05615253,32.79719914,37.51202142,40.91911765,457.5751667,36.57209005,67.9247,20.7667,14.621,96.31314,153,9.807251033,2.490424552
Y96,7.96,31.04476172,20.65,1.969,0.65583004,23.41897233,18.64486405,17.69614393,36.41810357,27.83218164,517.8638423,42.15050735,17.6488,1.2113,7.331,8.57466,146,10.48755714,3.002302243
Y97,8.67,28.92970096,20.89,1.9135,0.746856725,22.51461988,18.04872062,28.39865673,40.11555976,31.26760563,351.710922,89.13245039,10.7864,0.8948,7.822,12.97744,201,10.91716749,2.562071059
Y98,8.44,28.32031607,21.68,2.01,0.845238095,23.33333333,18.69410675,6.535287658,36.16273757,25.38143111,338.8340113,49.16028926,48.432,1.3334,22.141,36.2059,213,10.78606965,2.37802817
Y99,8.87,25.44735275,20.97,1.825,0.754207677,23.91732283,16.75137419,10.01663362,42.89443512,19.62564204,402.9704323,56.70253252,40.5274,0.9221,12.447,21.17572,188,11.49041096,2.41975792
Y100,8.72,26.33444107,21.14,1.826,0.721841937,22.80557293,18.11621771,28.22312197,25.90718255,37.16125198,178.177592,49.12052935,10.871,1.2425,7.394,19.27797,205.5,11.57721796,2.529639671
Y101,6.87,30.76580136,17.69,1.796,0.661320755,19.81132075,18.59452405,20.73857458,34.77722369,29.05472145,59.87289152,45.72337929,18.8854,1.5925,6.987,86.76196,236,9.849665924,2.71577746
Y102,6.69,31.88119994,19.21,1.88,0.184016775,10.1584343,18.49420139,23.69338928,24.88657183,29.99408284,201.6940599,45.96720104,19.0837,1.5013,10.32,91.46838,223,10.21808511,10.21645989
Y103,6.45,31.59826154,18.37,1.844,0.715453686,24.00756144,17.89004715,28.49673472,28.68463017,47.91924227,333.2976683,37.60611479,9.3581,1.3789,4.965,74.47392,219,9.962039046,2.577385561
Y104,6.4,32.52649068,18.99333333,1.815333333,0.918305243,23.78277154,17.14801687,10.86627109,34.38991237,19.35790725,179.8391101,38.27777406,11.3637,1.6252,14.028,42.3684,196,10.46272494,1.976829978
Y105,6.54,31.9413041,17.79,1.712,0.712151487,23.69888476,17.53057109,10.92927614,25.4391969,21.83570581,213.7867094,31.66535634,48.1346,1.8617,23.497,77.04548,223,10.39135514,2.403982904
Y106,5.76,33.1390262,24.95,3.378,1.059990619,24.01500938,25.67029653,15.78438272,41.82563691,32.25848046,426.1740409,52.83100908,229.5209,782.3741,38.648,248.62428,680,7.386027235,3.186820656
Y107,5.43,28.15801563,17.71,2.08,1.023617847,24.44228904,17.1303577,12.27372289,30.41138568,27.18546316,48.78388005,38.30239661,127.4567,294.2175,135.016,176.2002,452,8.514423077,2.032008338
Y108,5.73,28.78412108,21.185,1.856,0.923407795,23.66920152,21.25058905,8.946062311,26.25590186,22.88090022,138.8691962,44.87941856,24.5204,2.2091,8.811,185.5332,424,11.4143319,2.009946212
Y109,5.05,28.99150868,20.13,2.098,0.690327793,21.97599261,19.85942248,13.48315011,26.25590186,23.99103586,311.6345389,34.13280498,168.3651,125.0925,42.975,123.93882,259,9.59485224,3.039135931
Y110,5.41,25.24295468,17.46,2.266,0.805552952,23.52389878,16.90505948,4.335398532,26.98935771,6.693357058,48.63248515,34.0279539,206.7747,347.0962,42.57,62.71434,161,7.705207414,2.812974609
Y111,6.01,28.91905092,22.43,1.763,0.337208171,10.50583658,22.07090612,5.212093463,27.45221924,13.2011893,187.5659607,35.4260157,7.4113,2.3471,6.057,33.0354,201,12.72263188,5.228224437
Y112,5.76,29.8389687,25.06,2.038,0.814367816,22.12643678,23.82280108,6.711520107,31.95196316,8.659885443,443.0734563,27.28407203,14.8591,2.3735,7.564,19.78254,161,12.29636899,2.502554693
Y113,5.63,39.94702239,34.95,2.669,0.686034318,18.39847474,35.44263488,7.067864686,20.55865368,16.15752742,184.4358838,38.36403847,17.8181,1.6944,12.967,20.52918,174,13.09479206,3.890475928
Y114,5.97,29.56621963,22.47,1.8225,0.592771374,14.02497598,22.28192848,6.084241316,28.9399384,12.67073411,359.6898297,37.20274727,10.394,1.5261,9.495,17.35596,166,12.32921811,3.074541181
Y115,5.78,29.88336425,22.82,1.831,0.977097078,21.9604147,22.35686118,7.07963169,27.65450089,11.61500494,93.82975025,27.41789443,11.1355,1.9351,7.077,26.68896,182,12.4631349,1.873918202
Y116,5.91,37.69975591,30.89,2.375,0.716808712,14.48863636,17.76459384,12.93558798,33.70821795,20.625,396.1985264,50.65261122,6.162,1.7572,12.577,167.24052,196,13.00631579,3.313296784
Y117,6.14,36.7280797,28.97,2.264,0.761142322,22.09737828,28.65058424,10.57083419,31.87992921,23.85671642,249.863757,40.81310168,6.3951,1.5314,11.685,73.91394,201,12.7959364,2.974476566
Y118,6.19,38.40604691,30.155,2.328,0.651324828,20.01962709,29.71236744,5.893349447,37.73985697,9.91464867,398.8058194,47.09992553,4.6567,1.6057,9.452,103.77954,226,12.95317869,3.574253429
Y119,6.12,37.4427534,29.28,2.203,0.944499064,22.75280899,27.72952106,4.834984971,27.79722646,9.313919052,360.4170947,52.11419642,12.4964,1.8212,6.502,95.00652,208,13.29096686,2.332453344
Y120,6.02,35.79439854,29.4,2.364,0.516715214,17.61689118,28.13330942,6.159291688,39.0740983,11.49571798,80.50153694,44.59983671,15.2694,1.4415,11.419,65.04759,198.5,12.43654822,4.575053987
Y121,6.1,33.44670771,21.61,1.937,0.734736355,21.55411656,22.28969348,3.183232926,30.97049908,6.396507119,384.638608,42.28118513,13.9251,1.4186,8.272,95.19318,273,11.15642747,2.636319799
Y122,6.3,36.03172417,22.71,2.064,0.57754902,19.11764706,23.45316879,4.305130435,21.18412047,7.173955863,200.9897969,45.967561,20.0798,1.5381,17.425,98.55306,196,11.00290698,3.573722625
Y123,6.18,36.01841514,20.58,2.057,0.452322275,14.50236967,21.05941052,3.87197735,40.65028079,7.372251539,189.8107451,40.30777216,79.1417,17.9689,11.865,77.64714,233,10.00486145,4.547642497
Y124,6.19,36.17484524,23.095,2.1455,0.539325581,22.79069767,23.99969941,4.283760592,29.18326635,6.579860097,287.9968204,37.09004214,33.0537,10.0944,17.579,50.20812,193,10.76439058,3.978116514
Y125,6.26,35.82088573,21.78,2.048,0.450312801,14.533205,22.1388329,7.620946122,35.36690803,10.95043604,205.9127398,47.27420009,33.2467,10.7316,17.846,98.17974,244,10.63476563,4.547949771
Y126,7.35,40.04693138,28.16,2.547,0.87906938,23.47294939,27.4250764,5.582958326,28.72818275,9.593451157,66.22522609,44.56852794,11.1832,1.6517,13.177,69.15084,285,11.05614448,2.897382229
Y127,8.11,39.16840231,28.46,2.558,1.015057745,23.31340734,27.40669332,8.4915926,36.03207197,18.73008859,390.1011285,49.64385234,15.6086,3.0912,8.907,69.15084,404,11.12587959,2.520053674
Y128,7.74,35.44641761,26.59,2.421,0.654057337,15.25753158,26.06038828,5.107476334,44.84040679,9.245051044,415.795754,47.11335291,19.4102,2.574,11.515,75.6791,265,10.98306485,3.701510346
Y129,7.63,36.63791937,30.98,2.693,0.618589154,16.36029412,28.8054215,5.210207414,35.60485393,13.87421554,467.0933616,45.92719262,6.8281,1.8102,7.797,46.68148,255,11.503899,4.353454927
Y130,7.81,30.50982624,28.91,2.363,1.351661292,22.24108659,24.40169805,1.714758471,29.32887734,10.45372021,101.9090915,35.62418116,14.119,1.9269,8.859,45.77056,247,12.23444774,1.748219035
Y131,6.67,32.48036673,21.7,1.786,0.54044316,21.86897881,22.2219463,1.059265214,41.22691499,3.383359756,195.9127364,32.97423289,12.494,2.2459,8.489,70.97268,175,12.15005599,3.304695354
Y132,6.48,27.37906771,13.76,1.196,0.435696203,23.17429406,13.00081385,0.42087915,26.5958121,1.134879598,189.5464962,35.28452952,8.6641,1.4545,6.59,26.31564,179,11.50501672,2.745031955
Y133,6.07,29.35152632,15.16,1.299,0.622241379,21.29310345,14.6143101,1.7350385,43.48368311,4.115600124,219.4799411,43.04225476,11.7408,1.2797,9.826,57.48786,185,11.67051578,2.087614299
Y134,6.38,29.2352786,15.21,1.381,0.559749035,23.06949807,15.49162652,2.055819095,44.02779972,6.341683537,217.2080926,32.92236423,6.9795,1.1316,5.923,29.11554,183,11.01375815,2.467177098
Y135,6.48,31.78011363,21.98,1.836,0.860238095,22.8021978,21.2158074,3.946964409,33.10551963,4.777035858,203.7417135,36.04383613,14.9711,1.6666,8.666,37.7019,189,11.97167756,2.134292832
Y136,7,41.19239651,26.9,2.606,0.636401914,21.62679426,27.55899687,8.208209189,35.32417946,18.70847752,338.254692,48.20266494,13.414,1.5843,15.135,55.1834,222,10.32233308,4.094896547
Y137,7.42,40.22052932,24.47,2.282,0.583477509,20.15570934,24.84649718,3.834183809,28.03824287,13.3207229,428.7569265,39.4921967,9.3673,2.4257,8.525,31.95494,208,10.72304996,3.911033356
Y138,7.33,40.6,24.81,2.3835,0.545706714,21.02473498,24.89318039,5.040938726,28.8,8.259722267,385.2010488,33.85872504,7.4897,1.5303,6.95,39.54594,181,10.4090623,4.367730759
Y139,7.07,40.92826817,24.41,2.354,0.420530547,12.05787781,23.35525908,3.053111939,23.04760736,7.282328345,381.8869091,35.13480517,9.5761,2.2003,8.607,48.3515,177,10.36958369,5.597690862
Y140,7.35,40.6,25.75,2.439,0.631278655,21.45353517,26.13487145,7.658300192,28.8,23.0639771,336.4004533,40.42211099,9.6533,1.8569,8.673,60.4971,196,10.55760558,3.863586992
Y141,5.8,26.44471662,13.24,1.382,0.460935374,22.53401361,13.03304435,2.709340534,29.62992871,6.132617852,171.9934271,30.17774481,51.746,79.6269,8.249,22.02246,173,9.580318379,2.998251117
Y142,5.88,32.11436195,24.12,2.098,0.842758037,22.08121827,25.05686471,6.535293192,35.66564884,15.06788375,211.2028389,38.67768674,20.3838,2.0199,10.998,21.64914,174,11.49666349,2.489445259
Y143,5.39,31.67819625,23.19,2.313,0.742946128,22.30639731,23.40082193,4.62653442,36.16206807,13.3757004,177.8648336,32.1665079,149.9001,93.0746,14.565,28.3689,202,10.02594034,3.113280913
Y144,5.74,35.13461108,26.17,2.212,0.743348335,21.24212421,25.20661581,3.593641777,17.4879271,6.760007618,319.2561368,39.68073883,25.1039,2.5533,14.33,26.5023,172,11.83092224,2.975724698
Y145,5.38,28.71622064,18.37,1.937,0.529850746,22.07384132,17.27255906,5.840491352,32.23755729,10.37873637,42.89637695,30.88742142,141.0317,120.3209,23.585,34.15536,165,9.483737739,3.655746481
Y146,6.32,39.43205046,28.46,2.419,0.790342801,22.03721841,27.6952742,4.460040411,28.35423129,9.466932269,259.18599,42.55520415,22.0743,2.0758,12.386,19.0359,173,11.76519223,3.060697202
Y147,6.03,37.63173616,27.1,2.253,0.924921077,21.54131848,25.48492595,9.228189838,31.74524825,12.86771834,150.3930011,49.14478356,14.4367,1.5183,10.623,73.91394,187,12.02840657,2.435883511
Y148,6.22,35.883757,22.46,1.8675,0.553389671,22.25352113,21.75065651,7.809195142,34.59143016,15.21970174,233.539567,48.30882735,14.4635,1.8282,12.002,46.66158,182,12.02677376,3.374656409
Y149,6.23,35.47343648,22.6,1.919,0.688828671,21.85314685,22.89905055,5.41640889,26.86246186,10.36035246,226.9561971,48.31361521,17.5143,1.4263,13.12,32.28876,202,11.77696717,2.785888684
Y150,6.7,37.80728626,25.11,2.138,0.840993184,22.00584226,25.29534627,2.474175057,32.13266286,6.320385904,264.4046364,47.70980769,16.7326,1.4888,8.057,85.39558,224,11.74462114,2.542232257
Y151,6.13,37.0546345,25.69,2.306,0.914217507,22.28116711,26.74628524,5.402718585,31.68304049,9.585903202,226.1706483,39.21289865,16.2452,1.824,14.308,47.9682,292,11.14050304,2.522375674
Y152,5.96,22.61837751,25.9,2.293,0.824327087,23.7649063,25.39065653,2.572812646,37.19051843,5.800126522,125.9931603,40.08196459,15.2848,1.9021,13.797,84.55356,243,11.2952464,2.781662809
Y153,5.75,36.94723267,26.51,2.277,0.889259606,22.39925023,25.92394702,3.805182516,25.15688808,6.757338316,330.7107863,32.51584294,17.7736,3.0771,9.064,81.38034,243,11.64251208,2.560557102
Y154,5.66,36.53412563,25.79,2.273,0.945181976,22.35701906,24.95297149,8.278941257,34.51763659,17.75020636,135.8151506,34.69204611,14.1791,2.2191,8.346,75.22056,251,11.34623845,2.404827914
Y155,5.96,35.31669922,24.64,2.151,0.766071085,22.76657061,23.55484682,1.400144148,36.26209149,4.563769875,222.6334198,42.78972688,9.1379,2.8629,4.021,86.60682,235,11.45513715,2.807833427
Y156,5.47,32.19993319,21.67,2.105,0.81463838,22.75795564,20.83096757,3.290276647,36.01237817,6.602164707,238.1469908,30.1459212,89.0836,53.1434,15.852,60.28776,204,10.29453682,2.583968607
Y157,5.85,32.35155178,22.43,1.934,0.667208029,22.17153285,21.15699157,4.957170424,35.90419306,8.304693106,144.3670852,35.54934537,42.0939,1.6479,21.359,100.97964,194,11.59772492,2.898646173
Y158,5.79,36.86696362,27.845,2.381,0.842818533,22.00772201,26.42396244,4.419125844,35.37975004,9.511688173,197.8305944,40.74499648,31.217,1.5688,11.016,63.64764,180,11.69466611,2.825044665
Y159,5.62,32.75722523,22.98,2.054,0.685590484,21.83517417,23.20976516,6.731121953,31.64382573,15.10372407,140.9366056,33.6960875,44.4929,1.4749,10.629,77.46048,181,11.187926,2.995957569
Y160,5.61,33.74195412,22.95,2.034,1.035486229,22.63642115,22.71363731,7.913980988,35.2926078,10.98080571,295.2557906,42.61165822,28.0261,2.1682,4.435,117.0324,221.5,11.28318584,1.964294592
Y161,5.36,48.61346043,56.59,4.843,1.904570416,19.84056687,50.9257001,13.34456837,34.13592104,28.71102986,498.7954908,33.07337918,24.1744,1.3886,13.105,65.51424,177,11.68490605,2.542830635
Y162,5.23,46.0207197,53.37,4.42,1.559962157,19.86754967,46.93465777,22.07320284,44.24236498,26.66198352,298.5283269,30.94787626,21.9005,1.7986,13.225,58.04784,182,12.07466063,2.833402067
Y163,5.33,39.43252277,42.14,3.57,1.049921534,18.83173496,39.5582918,13.2983119,28.27028379,14.91905045,341.4109786,31.12738445,22.2867,2.272,11.306,55.62126,140,11.80392157,3.400254099
Y164,5.19,49.20632569,59.7,4.8355,1.872185792,18.76138434,53.46285061,16.34116789,29.03087641,30.07199356,362.179589,31.59967306,20.8213,2.1622,14.611,50.58144,160,12.34618964,2.582809901
Y165,5.23,48.83148941,64.67,5.292,1.840930233,18.02325581,53.70203859,22.27627633,32.52698824,29.58008759,784.5159971,35.28352581,19.2906,1.7365,16.496,71.3007,210,12.22033258,2.874633653
Y166,5.89,30.84458798,28.62,2.424,0.853597679,22.34042553,26.94719528,3.951651897,36.80613997,9.621862167,83.01165354,37.53108963,14.9844,2.0553,6.568,36.20862,208,11.80693069,2.839745303
Y167,5.61,41.46623745,42.23,3.56,1.270161154,20.78032231,39.37994723,13.18631488,21.64104556,20.4310149,293.1985312,39.87258464,18.9646,2.1419,24.186,67.94082,187,11.86235955,2.802793952
Y168,5.27,33.33639596,30.775,2.821,1.00356261,21.42857143,28.90696476,14.20500606,27.0984135,31.00783934,360.6039607,33.05318056,84.0967,90.1915,17.387,71.67402,182,10.90925204,2.810985555
Y169,5.56,34.06720826,30.87,2.657,1.026512488,21.92414431,29.60149213,15.98713251,32.7114443,28.15533251,302.0815039,33.9978424,29.1246,1.9497,16.996,81.75366,195,11.61836658,2.58837572
Y170,5.5,35.5695491,33.46,2.826,0.919552656,21.1556384,30.93102149,18.97111249,28.37887643,32.76507226,157.2886614,37.1637722,31.2739,1.5031,8.65,84.74022,197,11.84005662,3.07323347
Y171,5.37,34.53039775,21.12,1.918,0.877486911,20.68062827,21.26285142,5.243006723,23.28277141,7.372251539,383.0111555,28.29357198,34.2865,1.6141,17.233,135.6984,263,11.01147028,2.185787589
Y172,5.52,34.7358618,19.04,1.734,0.585620915,22.03548086,18.7814253,4.216744435,24.66673185,6.264599873,282.756123,31.19435866,19.2665,1.926,5.409,118.15236,217,10.98039216,2.960959822
Y173,5.42,34.80743342,20.79,1.923,0.742181818,22.09090909,20.50343174,4.142193957,19.77945931,9.625663021,218.035737,29.76439928,36.6978,2.3982,13.313,106.20612,234,10.81123245,2.59100931
Y174,5.47,34.27146164,20.405,1.839,0.717012876,20.8583691,19.90199774,8.923113883,24.81372837,20.77461446,218.4233539,30.34896738,18.0239,2.1308,11.233,126.73872,223,11.09570419,2.564807497
Y175,5.56,34.7260308,22.4,2.025,0.733513028,21.92273136,20.32007379,6.397336092,23.12990609,13.82660209,218.328738,35.35128117,21.8006,1.7153,13.265,142.41816,283,11.0617284,2.760687163
Y176,5.27,38.1204166,23.16,2.229,0.654397099,20.30825023,23.03617061,8.258944031,24.32971546,17.93050123,281.704705,31.48314013,68.7341,19.7657,18.345,64.39428,267,10.39030956,3.406188694
Y177,5.28,38.87043082,23.5,2.281,0.61012844,21.00917431,22.84126769,3.470919823,27.88220742,6.136274023,319.078197,26.45323875,88.5871,12.6472,13.079,65.32758,281,10.3024989,3.738557082
Y178,5.36,38.0557296,23.295,2.26,0.620620915,20.34313725,23.7980935,4.524217622,31.75944729,7.27269972,499.1298418,38.47168745,73.7802,43.0431,14.275,120.20562,372,10.30752212,3.641514402
Y179,5.25,38.99107752,24.36,2.323,0.619965187,20.45256745,24.29043474,8.648324313,27.26922391,22.31386255,615.2779514,32.42970478,74.2373,14.7756,11.762,64.95426,280,10.48643995,3.746984587
Y180,5.17,37.71651465,22.77,2.256,0.848649683,20.80380789,22.06299536,8.971760789,25.56125941,17.59899468,290.7219303,30.78931937,89.869,44.1037,16.032,137.09835,380,10.09308511,2.658340709
Y181,5.39,41.24758778,23.27,2.325,0.712720263,20.37797864,21.82092314,7.405228017,29.10693812,19.80871135,439.9636696,33.77971775,105.0442,25.3514,14.978,176.94684,540,10.00860215,3.26214943
Y182,6.99,42.67233292,23.81,2.163,0.465071924,21.47651007,22.60749782,6.165290619,30.36732831,16.26763133,516.5941882,35.24586952,23.9665,1.8751,16.451,54.12066,298,11.00785945,4.650893525
Y183,6.3,40.97943233,19.74,1.884,0.433426901,21.20171674,18.75796084,6.719279365,46.76422802,25.52218987,383.5875704,30.64618716,28.1831,2.5221,14.971,36.58194,273,10.47770701,4.346753733
Y184,5.43,42.3791462,21.935,2.4585,0.83960571,21.2971078,19.55188441,4.987033827,44.3122109,10.38957103,302.3170163,36.13882368,119.4227,72.6624,18.191,172.467,412,8.922106976,2.928160172
Y185,5.63,42.23727137,23.32,2.305,0.525361432,18.23432343,21.44450031,9.782800322,46.11053503,18.88766485,622.9664124,37.04356409,49.7806,8.7869,28.797,74.84724,284,10.11713666,4.387455682
Y186,5.47,36.71278464,25.11,2.29,0.612245464,21.38047138,23.26045986,13.43889115,48.42271014,25.65280325,333.0695887,26.69276807,55.3043,6.6951,9.273,101.91294,360,10.9650655,3.740329875
Y187,5.47,36.18454607,21.79,2.009,0.600259081,21.36894825,18.17986244,7.649062855,42.7771374,16.58361618,557.6858334,32.74670156,45.4052,19.1295,11.013,106.39278,292,10.84619214,3.346888141
Y188,5.69,36.6384608,21.125,1.9075,0.531506482,21.80995475,21.1721311,11.77918871,45.51967209,24.88975627,158.1911026,37.44272753,31.727,7.0614,18.905,65.51424,287,11.07470511,3.588855573
Y189,5.87,38.00636878,24.69,2.248,0.737462084,22.74678112,23.24195919,9.742284595,47.9641855,17.70482727,183.5129617,40.16611486,15.3124,2.3814,12.305,63.46098,302,10.98309609,3.048292311
Y190,5.41,35.14364753,19.69,1.884,0.507180192,22.10708117,16.40266012,4.476326249,39.58384191,10.18681065,252.580635,37.71062433,77.2522,21.1811,20.008,46.84824,344,10.45116773,3.714656112
Y191,5.49,31.39909518,21.41,2.003,0.598640009,22.22222222,20.96941772,9.9609237,48.59966721,21.24577544,177.0054632,30.90870272,37.8701,3.2275,15.999,92.20662,273,10.68896655,3.345917362
Y192,5.6,31.22054939,17.27,1.671,0.584725631,22.57551669,17.7520117,6.366372211,42.29439218,10.02562166,52.55467971,23.18225657,19.1901,4.4026,13.307,121.32558,285,10.33512867,2.857750561
Y193,5.69,33.64449921,22.04,2.019,0.583688044,22.08144796,18.47092612,4.163624448,40.58935998,8.892781771,97.257823,31.63399608,19.4972,2.1636,9.831,87.35346,309,10.9162952,3.4590395
Y194,5.58,33.80038665,19.965,1.8815,0.56001588,21.10817942,18.78761489,11.10210595,38.40383578,28.42439621,119.2642245,31.14716417,49.7824,8.9791,19.694,41.24844,242,10.61121446,3.359726156
Y195,5.64,32.20783656,19.52,1.821,0.518615043,22.24080268,17.9834755,4.220010612,44.2434196,6.568112678,156.6859912,27.05582236,19.577,2.6024,12.671,86.79348,258,10.71938495,3.511274932
Y196,5.07,35.55152899,32.11,2.794,1.039852174,20.76455256,32.97494826,8.937828497,40.79162281,23.65792394,180.7544952,28.78521074,65.39,2.7511,19.446,99.11304,218,11.49248389,2.686920381
Y197,4.91,39.32460498,37.67,3.3,1.158820849,21.10638298,35.955815,12.89904569,46.95309593,35.28803294,173.1761623,24.85524369,102.8535,3.5511,19.88,111.24594,252,11.41515152,2.847722323
Y198,5.04,42.11509475,45.675,3.92,0.557607814,20.56619484,42.35734726,16.24949535,45.45916066,30.04470351,238.8758367,28.59589675,112.4302,2.9028,15.851,131.21856,229,11.65178571,7.030030609
Y199,4.97,37.49748075,34.35,2.971,1.122120284,20.84078712,32.47175758,8.229232248,39.59312683,14.28583644,114.2218793,26.54199626,74.6303,1.6223,18.552,128.79198,204,11.56176372,2.647666246
Y200,5.62,39.78709532,38.25,3.203,1.129740559,20.72955229,36.04116263,11.00038544,45.19522688,20.49714899,118.783703,32.22850947,51.7644,1.7759,19.36,94.35321,380,11.94192944,2.83516421
Y201,5.38,36.66843824,29.95,2.748,0.872643036,22.09606987,30.29793893,1.797083899,45.77197076,8.056739054,327.3754863,33.21026024,58.0818,1.7307,10.302,130.84524,235,10.89883552,3.149053951
Y202,5.4,36.87574933,29.48,2.669,0.907072299,21.4229249,27.46086186,4.285865852,42.09489033,18.30031606,229.964402,28.71255736,34.6591,1.9662,20.495,72.98064,210,11.04533533,2.942433589
Y203,5.54,34.83703428,30.34,2.692,0.726427324,21.75843694,28.33736403,6.492355662,49.80835177,12.19197056,99.67562692,30.11229618,30.0837,1.6501,11.911,63.08766,184,11.27043091,3.70580774
Y204,5.5,34.97438833,28.825,2.5855,0.728467381,21.04825291,26.95215764,1.448205703,43.27480128,6.153393959,131.0557305,29.55674941,34.5888,1.8411,14.738,68.5008,205,11.14871398,3.549232357
Y205,5.38,40.88116503,35.85,3.142,0.986886556,21.37870855,33.88333699,6.112033717,42.21183969,10.61971818,235.7731221,31.72189872,29.741,1.6226,19.78,115.72578,208,11.40992998,3.183749926
Y206,4.91,40.94178655,39.68,3.493,0.945891772,16.69626998,38.03914725,6.365616559,43.89677406,14.39123543,203.6337241,27.68719925,85.6149,4.5373,15.983,122.6322,264,11.35986258,3.692811486
Y207,4.95,42.73520922,42.15,3.672,1.40935562,20.27610009,39.88193532,5.943664264,44.59093052,18.320328,279.0508632,40.1287865,93.3652,2.1262,28.343,151.93782,297,11.47875817,2.605446026
Y208,4.88,43.25527893,41.165,3.5175,1.348888152,15.83463339,37.89880845,4.685499107,42.5898706,18.46859857,337.802541,37.10189527,71.2555,16.9088,14.847,178.44012,286,11.702914,2.607703237
Y209,5.1,42.60956312,42.7,3.596,1.586010428,20.22867194,39.41907469,10.78202183,44.0161911,25.80917719,201.3319492,33.97531175,53.3,2.1994,20.709,117.9657,215,11.87430478,2.26732431
Y210,4.89,40.32356671,38.42,3.353,1.53629113,18.89250814,35.38124613,7.595742236,39.71880089,21.36829142,450.9820328,36.03112786,72.232,3.2538,18.103,126.73872,214,11.45839547,2.182529037
Y211,5.24,37.40031935,27.79,2.735,1.304348367,22.25020991,28.39272847,2.945896061,36.17425731,6.76134306,165.4148965,38.0148608,148.1538,29.5201,34.57,192.25296,334,10.16087751,2.096832464
Y212,5.48,37.16055615,27.35,2.527,0.859151951,19.36316695,26.0775999,3.138851692,36.13149504,7.738209799,238.9907217,30.82129647,56.1308,4.7776,7.92,83.80692,222,10.82311041,2.941272492
Y213,5.39,38.13157548,30.09,2.801,1.145574651,21.6168717,29.06858673,2.93420764,34.50390006,12.58578014,110.6127575,33.98122307,81.9475,2.4363,9.344,92.57994,239,10.74259193,2.445061086
Y214,5.58,36.24452566,29.12,2.6455,1.06225491,21.36170213,26.01383743,11.06789998,34.52670775,24.33297435,48.055924,26.96586361,47.0867,4.8258,13.111,69.06078,227,11.00737101,2.490456834
Y215,5.35,31.36983412,32.23,3.062,1.096217151,20.68683565,30.70556983,1.596331137,48.99817422,19.00782495,28.8568257,34.51555419,88.9626,2.4689,21.545,134.39178,249,10.52580013,2.793242194
Y216,5.92,39.73815125,26.68,2.533,1.146089441,21.94304858,26.74384735,5.116457462,41.56122289,12.12709602,93.13826344,39.01381546,63.4226,1.6331,21.073,112.73922,537,10.53296486,2.210124192
Y217,5.67,38.67908122,24.66,2.302,0.942314422,22.14411248,23.05550118,1.291389779,30.73081326,17.91021993,28.21598812,31.91282895,64.3179,3.0201,9.499,57.48786,317,10.71242398,2.442921329
Y218,5.33,39.05227066,18.035,1.7875,0.682111656,22.46553122,16.1561135,8.90323824,38.41559258,15.85170535,526.6825973,26.0929109,90.8954,24.6778,10.751,59.35446,262,10.08951049,2.620538711
Y219,5.4,33.49525761,26.69,2.473,1.020095807,22.41529105,24.92527372,5.187652718,43.45138164,14.45925983,10.42382605,32.93372345,58.8908,9.7416,13.746,95.93982,281,10.79255964,2.424282095
Y220,5.48,37.54948494,25.32,2.478,0.943569214,22.39526855,23.0893798,4.218492296,42.48582171,10.50740315,79.73861336,30.89080169,115.614,11.8744,20.121,104.71284,101.5,10.21791768,2.626198442
Y221,5.5,35.1595412,19.75,1.975,0.818908048,21.22905028,21.15382841,2.764263159,55.21476199,8.222066447,27.33713829,23.69785307,84.7328,17.1288,11.4,112.55256,100,10,2.411748187
Y222,5.65,34.96306056,19.06,1.736,0.759940668,22.29249012,16.43538076,4.211422118,42.33108218,12.06236063,13.87182561,33.26059013,30.1003,3.4559,14.814,53.568,286,10.97926267,2.284388865
Y223,5.6,35.08990329,18.95,1.754,0.650512985,22.49190939,17.79957306,2.750775711,36.4393741,6.842446735,33.99791933,29.23679175,22.9045,2.8657,10.237,61.59438,294,10.80387685,2.696333571
Y224,5.3,34.77554146,19.675,2.011,0.71763612,16.77018634,17.81155097,4.089900845,45.22041932,7.418382282,74.31117929,32.42521467,114.6567,58.7911,28.582,184.78656,380,9.783689707,2.802255828
Y225,5.48,34.23198347,15.68,1.522,0.719801896,21.95526098,13.39585995,2.960972287,40.46177142,7.00812634,33.00364936,35.76336816,31.1902,2.6231,11.12,51.14142,272,10.3022339,2.114470674
Y226,5.84,19.22851147,15.93,1.333,0.553718453,25.42808219,12.58879063,1.862721557,42.30153852,2.918535002,129.4458414,30.25374025,27.1255,4.722,5.211,58.98114,215,11.95048762,2.407360623
Y227,5.58,20.6527131,30.02,2.334,0.50274551,25.34013605,18.66637234,19.06758802,43.68040504,22.7707518,59.37588928,34.39112422,50.0611,4.2114,8.222,59.1678,193,12.86203942,4.642507896
Y228,5.82,19.16167807,20.155,1.672,0.609405326,26.82709447,13.16191354,1.819993682,45.91556171,2.459096016,56.62424372,43.19308457,13.9006,1.7463,4.467,49.08816,171,12.05442584,2.743658332
Y229,5.52,19.19457202,14.86,1.275,0.595638327,25.61492791,11.39202174,4.096482625,49.99038588,4.448954669,101.1084618,33.80432198,48.5504,6.0916,7.4,75.40722,232,11.65490196,2.14056071
Y230,5.49,26.06609813,28.08,2.327,0.828609694,26.02262837,18.40975726,2.743989834,46.94509406,8.266306342,55.2354256,30.25840229,52.9553,3.4025,12.711,100.60632,243,12.06703911,2.808318581
Y231,5.55,31.37694888,27.32,2.358,1.116697979,20.69271758,26.00559888,8.793148899,46.41743042,19.97055785,144.540623,30.38636958,89.7723,8.2541,21.974,116.84574,258,11.58608991,2.11158258
Y232,5.7,33.30820246,28.22,2.356,0.868062775,21.50882825,25.36914665,4.978858058,40.91520292,9.958282442,43.9036186,28.59174782,48.9436,1.596,7.769,42.18174,178,11.97792869,2.714089427
Y233,5.55,33.88629695,27.61,2.351,0.919351999,21.63882259,24.37332727,5.779461045,39.291536,13.0656315,22.28125046,28.63614996,59.1636,2.4595,14.953,25.19568,206,11.74393875,2.557235969
Y234,5.64,32.60389974,29.71,2.4595,0.970464661,22.19551282,26.13950393,6.316153381,42.44487358,12.71426467,60.27758886,30.32352105,52.8136,1.4653,12.893,47.40822,194,12.07969099,2.534352974
Y235,5.57,32.0234468,27.34,2.333,0.924022411,22.46998285,23.87304527,0.836858421,48.26078084,4.880526098,61.95933507,27.00780057,65.0496,2.4946,18.447,58.04784,223,11.71881697,2.524830537
Y236,5.56,36.20432967,33.58,2.929,1.12567729,22.04526404,31.66296255,2.915349386,34.65107323,17.71527876,163.5544643,28.21877295,40.2864,1.6144,14.567,90.71334,241,11.46466371,2.601989066
Y237,5.32,38.44321524,36.36,3.243,1.256606158,21.25,33.68856594,11.421558,50.14146495,28.7557687,88.21911348,27.46675488,99.5119,1.4293,13.839,105.08616,256,11.21184089,2.580760869
Y238,5.32,40.02850164,40.275,3.542,1.153014969,20.5955335,37.44335898,8.391875765,56.17356268,18.04853648,71.51237395,27.74627592,78.8974,1.6997,23.231,101.72628,251,11.37069452,3.071946241
Y239,5.45,38.3100564,34.78,3.118,1.290536428,20.50078247,32.63133871,12.09877168,47.79963311,18.76728837,157.8991971,30.6064728,49.5853,2.0593,20.178,82.68696,274,11.15458627,2.416049584
Y240,5.354,38.84273966,36.23,3.182,1.233924778,21.4620402,33.60935014,13.58709371,43.08131615,26.52561667,88.4811415,31.58739015,65.3947,1.6545,13.416,109.93932,246,11.3859208,2.578763355
Y241,4.94,41.65472316,50.68,4.766,1.624037867,20.82139446,48.72485087,15.06574288,51.45826524,22.79773115,142.1703874,20.3135243,76.0508,1.7952,21.405,99.85968,217,10.63365506,2.934660636
Y242,4.72,42.70738756,50.95,4.787,1.227746125,19.71112999,46.74183899,15.09435786,39.93316481,23.82762956,98.20512609,18.69342382,100.2692,3.5905,30.346,101.72628,201,10.64340923,3.899014546
Y243,4.81,45.83786029,53.69,4.934,1.824247989,19.47194719,50.45604566,14.03926295,51.8020051,21.56271236,91.16208847,23.59775952,72.3872,1.5504,24.986,119.8323,193,10.88163762,2.704676135
Y244,4.93,39.75969018,48.96,4.4295,1.712784184,20.23381295,46.01247346,18.25084928,49.43905218,29.89387711,109.6054359,21.72821542,49.0685,2.0286,14.401,64.95426,216,11.05316627,2.586140181
Y245,4.74,40.84937769,52.03,4.932,1.58868733,17.39811912,46.06973941,14.71033491,39.88870321,31.89280575,144.2723847,20.08072818,90.9564,1.8544,25.389,120.95226,204,10.54947283,3.10444976
Y246,5.19,35.72512353,29.64,2.701,0.966730173,21.68473728,28.96925187,6.947508438,38.58587446,18.96634784,106.2061156,28.5581899,89.5828,5.0118,18.465,64.02096,266,10.97371344,2.793954379
Y247,5.46,34.53759851,29.36,2.567,0.943971582,22.38689548,26.95429393,5.209363752,45.91374187,12.35669503,64.47312065,36.95801677,59.8103,1.7802,15.616,64.20762,275,11.43747565,2.719361524
Y248,5.35,37.32972143,32.635,2.9695,1.120261169,21.36400986,30.66254795,11.6874537,35.57237903,33.6625411,34.33496711,30.01091214,90.8303,2.1922,19.582,43.86168,284,10.99006567,2.650721173
Y249,5.25,39.79615874,38.18,3.297,1.293744911,20.45454545,35.67213993,9.169919287,42.72830871,23.10803357,69.26036577,28.3623708,94.544,1.5592,23.267,85.48686,258,11.58022445,2.548415821
Y250,5.31,28.78973799,23.77,2.16,0.748699402,21.25678821,21.96529124,3.755703351,43.25856003,10.80036681,71.20936072,27.99887118,88.7691,4.7713,10.984,63.8343,344,11.00462963,2.885002972
Y251,5.48,34.42133415,28.37,2.552,1.02291189,19.29681112,29.61205006,5.733607668,44.02378499,16.93681639,34.20465955,37.35339681,58.7955,1.1517,14.429,90.52668,265,11.11677116,2.494838534
Y252,5.31,35.12816372,30.92,2.81,0.943400696,20.96106048,30.66086751,1.421101721,46.32903829,22.18169752,38.51938506,29.48672114,86.6221,1.7733,26.458,97.80642,265,11.00355872,2.978585888
Y253,5.3,33.91769172,29.46,2.704,1.054445651,21.17750439,28.53128024,3.464887665,33.14509286,11.84377769,62.91054258,38.75886657,96.0828,11.0058,25.439,111.61926,273,10.89497041,2.564380627
Y254,5.51,31.45708205,24.81,2.2405,0.916165077,21.08843537,23.32244649,2.143311259,36.1748023,3.822640459,92.04044799,30.26106771,52.9804,1.1596,19.098,62.52768,295,11.07342111,2.445519979
Y255,5.56,32.12453642,26.33,2.364,0.926306895,21.3898917,23.55381997,2.504363384,36.26933374,8.207424856,146.4993954,29.96968699,79.4288,1.3357,66.421,121.51224,283,11.13790186,2.552069959
Y256,6.25,33.33611458,22.59,1.891,0.990515631,22.88202692,22.72981637,1.356860726,41.58118666,4.038067426,95.16576123,33.71169826,19.109,1.3071,12.388,65.51424,270,11.94606029,1.909106672
Y257,6.08,32.6712154,25.27,2.162,0.745093998,23.24814509,23.71633154,7.385160917,40.64011018,12.86420303,106.9020666,28.15961478,38.3698,1.2475,18.06,96.4998,274,11.68825162,2.901647317
Y258,6.07,31.98448564,21.865,1.896,0.681625109,21.77985948,20.54336715,2.607397088,32.95609347,8.485336212,32.57171376,27.42045068,26.7264,1.4845,15.623,47.40822,259,11.532173,2.781587672
Y259,6.1,31.55116033,19.46,1.71,0.738826495,19.43493151,17.00128515,3.817162509,34.76724131,14.31707605,60.71912794,31.8607692,30.0176,1.5599,14.786,35.46198,250,11.38011696,2.314481156
Y260,6.1,32.62739353,25.28,2.097,0.65561574,21.13094184,21.46291777,3.669592951,41.42988417,6.127749729,20.33166955,30.00093877,23.9578,1.5257,14.399,80.07372,281,12.05531712,3.198519914
